opportunity_id,date,priority,product,audience_segment,signal_summary,source,source_url,score,broker_use_case,campaign_angle,outreach_hook,compliance_note,recommended_next_step
OPP-2026-10-04-001,2026-10-04,Medium,Metals / Energy CFD,"Trading educators, affiliates, IBs and signal communities",Oil Prices Fall as Market Awaits Possible US-Iran Ceasefire Deal - EnergyNow,EnergyNow,https://news.google.com/rss/articles/CBMimgFBVV95cUxOSWlSQ0JySWhtckl3S01IdjNPcndoTTVOUWVSRmRXLWw2b1U3R3hZeTdwcFM4S1pxNnRVa2dPMXV5Vk9SZWNXaEsyWVYtd2hTZkNBXy1SbjRiaFRFT2cxekVUbTZFXzY1LXJEMXA2WkNVdXhMVnBzbGdNSllPdjlmcS1DMzZTQmo1bDl3dGJIWFhDUzhtUDN1bEV3?oc=5,82,"Recruit affiliates, IB partners and trading education channels.",Active trading education and signal-provider topics indicate partner opportunities.,We can source active trading educators and IB-style partner prospects.,Public intent signal only. Not a personal contact record.,"Review source, identify author/company/channel, then enrich only through lawful public or vendor sources"
OPP-2026-10-04-002,2026-10-04,Medium,Crypto Futures,Crypto futures and exchange traders,"Leveraged funds’ Bitcoin futures shorts fall by 5,300 BTC-equivalent as longs shrink - CryptoSlate",CryptoSlate,https://news.google.com/rss/articles/CBMiqwFBVV95cUxNSkViVnZqNU1ocWp3WHNKV0IzRU1iZnkwTHlhOFAxTFlzYzlsdWpYQVRiNVRPdHBPdkxfb0xpMVdBMDlSaXM4STJoWWhYa3VxX3E2SE9ObzJNRXRjNGxuUzkxQklITXhtS1NRZXMzVTBjRlpfdUlTdnJLVVBCdnR1MkplbF9PSzNzZUF6bTNPZDZqc0Y5RDRMbU11LXlZaWs3Mm5FdDY2UFNHZXc?oc=5,82,"Run crypto futures education, demo, exchange signup or affiliate campaign.",Crypto volatility is creating fresh futures and exchange intent.,We can package today's active crypto futures traffic themes for your exchange.,Public intent signal only. Not a personal contact record.,"Review source, identify author/company/channel, then enrich only through lawful public or vendor sources"
OPP-2026-10-04-003,2026-10-04,Medium,Crypto Futures,Crypto futures and exchange traders,Robinhood launches 10x leverage on Bitcoin and Ether amid $478M crypto liquidations. - Pluang,Pluang,https://news.google.com/rss/articles/CBMisgFBVV95cUxQT2huV3VhNDFiQndON1FzLUNBalNJMzQ0dENBVDNqQmd4dFlxcHhPa3l1aEhIaE0yV1oxUTRkN3hBSGZvU1JNX1h0TVVtTTJScGppUGF2VEN0YTRvRHI4LWJXb2JZNGxFcXNyX1A4ZURpYkwyalAzOUYyT0x0RkJ6TW4wTDlyTDE4UzFzWS1QbF9ISmk2VjlRQ3B6VElTNVFGRnVyMXJncGJZTkxOSU1MeERR?oc=5,82,"Run crypto futures education, demo, exchange signup or affiliate campaign.",Crypto volatility is creating fresh futures and exchange intent.,We can package today's active crypto futures traffic themes for your exchange.,Public intent signal only. Not a personal contact record.,"Review source, identify author/company/channel, then enrich only through lawful public or vendor sources"
OPP-2026-10-04-004,2026-10-04,Medium,Crypto Futures,Crypto futures and exchange traders,"Leveraged funds’ Bitcoin futures shorts fall by 5,300 BTC-equivalent as longs shrink - CryptoRank",CryptoRank,https://news.google.com/rss/articles/CBMivAFBVV95cUxObVExa2hjSnV6TnlMNFVsLU82VEFnWXpwRWxlZXhCSW9ITnZtczZJN3FoY1d0Wkw3MElvdDJaNG5LSHNxUmhSQ2lNc1phZndYZWFzZ2xodzlaemVZdllTVWdZZ2dOLTF4ekJfTDdqV3V6UElRaUN6eHY0ME5zWEVFQWZzR3o1dzlZT0RLOUhFdjBNQVRyRkVLVEVZVkNRWEMtUE9YN0lST3QydWYxZzVjaE4yVWUxMDVVREZoUg?oc=5,82,"Run crypto futures education, demo, exchange signup or affiliate campaign.",Crypto volatility is creating fresh futures and exchange intent.,We can package today's active crypto futures traffic themes for your exchange.,Public intent signal only. Not a personal contact record.,"Review source, identify author/company/channel, then enrich only through lawful public or vendor sources"
OPP-2026-10-04-005,2026-10-04,Medium,Stocks / Options,"Stock, ETF and options traders",Traders Buy Large Volume of XP Call Options (NASDAQ:XP) - MarketBeat,MarketBeat,https://news.google.com/rss/articles/CBMitgFBVV95cUxQc2RQSERMRDNlTXVnTEw0MzIydjFUTE5vYmRvV09SZFg5NE94aTktSEl6WnRid2JpTGRTalgzN1FWZmtSVWxtbTJhdG83SFJzQk1MRUxmWUhtSHBzRGdaSlNvdXp3WVdyU2RLeDRpODNPTXpSNmE1NGR4RzV0c2h3MnFMV2pWckdMNGg4TGdablpaTnNOajF0eTd5R3QyOGZDWU9iak1YdDhJdTVHekpVdmFfajBWdw?oc=5,82,"Run stock trading app, CFD equities or options education campaign.",US equities and options conversations are active around market movers.,We can package active stock-trading topics and creators for your brokerage.,Public intent signal only. Not a personal contact record.,"Review source, identify author/company/channel, then enrich only through lawful public or vendor sources"
OPP-2026-10-04-006,2026-10-04,Medium,FX,FX and MT4/MT5 traders,BofA sees EUR/USD at 1.15 by year-end amid market risks - Investing.com,Investing.com,https://news.google.com/rss/articles/CBMiqwFBVV95cUxNMzdGOUxDUThEUGtjaVlPYmJxUWdmU0xVZG9xZHF3MEYtZWYtTDFaTTJ2MS13a0VqUG9aNThlN2QtZ3VhM1dqOEk3b0JBRzRRNkRIbjl6U2JoOEhVSXo3Z1YtNjh4RUZON3BfS1lobG5JYVpfZ0hVaTFDSHo0OGZUREl4OU5LVmtBNFJKM3ZZWTZDSFJzWVB5Zk83ZzdPb2VtMm02MXVHR0lLaTQ?oc=5,74,"Run MT4/MT5 onboarding, low-spread broker comparison or FX webinar campaign.",FX analysis and broker-selection topics are active today.,Do you want today's active FX intent feed for your sales or affiliate team?,Public intent signal only. Not a personal contact record.,"Review source, identify author/company/channel, then enrich only through lawful public or vendor sources"
OPP-2026-10-04-007,2026-10-04,Medium,Crypto Futures,Crypto futures and exchange traders,Robinhood Introduces 10x Leverage on Bitcoin and Ether – What Does It Mean for a Market That Just Suffered $478 Million in Liquidations? - 24/7 Wall St.,24/7 Wall St.,https://news.google.com/rss/articles/CBMimwJBVV95cUxPSHNQMEhzakpXNUhVY0hWUVZfbWxPeTlLZHItMHlVYXA4bnpqbnQ5LXlNekVhQW9nWjVveG1KQl9BMV84eDRmZFN6bGthc1RxWXRfRXdOVjhCbEJwWXVvSkN2QlJkUFpSdm9KOFlYSGZEQ3hYR0xuTk9maHhWRS1EM1FKX2ZUN2JsZGwwZHFDZmI4TVlSYW1NQmtjeGliUmZvYlF1b1REYmw4RG0yNHNHem5WNFREcWlmTWlKZTBDNFRGcHJCQ2hXYUltS1RPV05jUFYtb2x2VkVaZDNoOW5CTXlHaS1rcWlyMlIyN2p2Z0RFVkVGQTJISTVVLVJWLWNSaDFFZ2FtQ2oyTnczSW9sa3RJRVV4bWhWNThJ?oc=5,74,"Run crypto futures education, demo, exchange signup or affiliate campaign.",Crypto volatility is creating fresh futures and exchange intent.,We can package today's active crypto futures traffic themes for your exchange.,Public intent signal only. Not a personal contact record.,"Review source, identify author/company/channel, then enrich only through lawful public or vendor sources"
OPP-2026-10-04-008,2026-10-04,Medium,Crypto Futures,Crypto futures and exchange traders,"MSTR, BMNR, COIN, CRCL Stock Extend Rally After Bitcoin Blasts Past $71K, Triggering $3B Liquidation Wave - Stocktwits",Stocktwits,https://news.google.com/rss/articles/CBMizwFBVV95cUxQeF9CY3pYeV80a2JETzF2SEQyZXIyeGtWN0JsQVZzOVhhS1F1djZqQlZUSEJwNFVIRU0wcTllaDk0NkY0empJdGlkS0dwdWVSYlNMLVY4c0cxLWVPd1hNbzhPS2wxZVp5RGpjUzVubUVSR2RvUjNTNzhHM3ZSM3JsazR1ejhsQWtERmpaZ1Q0UEZiMHN2MDBmZzdLTW05T1FvTVB3UE4wSVRNbm5tWHcyM2xpc2Y4TEljQ3c3emdDYXl4ekV0VmJsRTRyajBqR00?oc=5,74,"Run crypto futures education, demo, exchange signup or affiliate campaign.",Crypto volatility is creating fresh futures and exchange intent.,We can package today's active crypto futures traffic themes for your exchange.,Public intent signal only. Not a personal contact record.,"Review source, identify author/company/channel, then enrich only through lawful public or vendor sources"
OPP-2026-10-04-009,2026-10-04,Medium,Crypto Futures,Crypto futures and exchange traders,His Bitcoin-and-Ether ETF Will Liquidate October 21. The Forced Cash Redemption Can Make More of His Social Security Taxable - AOL.com,AOL.com,https://news.google.com/rss/articles/CBMihgFBVV95cUxOcVZ2aXZwSHQzaTFFZ0tPc1VkY3RjMFZaLXprWGVIRGZWcEpFOWhhX0QxODBuRFpzOElWVGhLUkY2LWllOE5BRmsxelVLeDl4Ykpwcmg3cnR5VDgxbXpMejhmTzhKLTZHYm1Ib0s5T0w0eVdBMkRyLVJtQzdvV0lwbXlxdUdldw?oc=5,74,"Run crypto futures education, demo, exchange signup or affiliate campaign.",Crypto volatility is creating fresh futures and exchange intent.,We can package today's active crypto futures traffic themes for your exchange.,Public intent signal only. Not a personal contact record.,"Review source, identify author/company/channel, then enrich only through lawful public or vendor sources"
OPP-2026-10-04-010,2026-10-04,Medium,Crypto Futures,Crypto futures and exchange traders,His Bitcoin-and-Ether ETF Will Liquidate October 21. The Forced Cash Redemption Can Make More of His Social Security Taxable - 24/7 Wall St.,24/7 Wall St.,https://news.google.com/rss/articles/CBMimgJBVV95cUxPZjhQWkpiQ1VVX0ZySU9odzVVSGctSmp5Vk1xQnZNbzVmNFNiZVp0NThaRmxJUjN4cHNiUDJWU1BjVlgzQ2ZFM3M2MWFGckFRU1NSVzBPcHNiOUp0V0VEdUpFRDRVSG13dW83UUpOZVhSZVRPNEU2bWJvY1VwSmlQM3NId3FZMUVpYzdPTXc2dElkbU1WdV9xOFNDNVdneUZLWFpKRHktNEMwc05jT0N6T3NCR0FneXk3MFFXMTZrRkNxdm5WU3F6cFZPbnVGcTFqVlZXOUpVZUltSFVubEo0LWI3Mm0zTHE4V2FLTEMzeXhBTTliMUZBYjQyUmFkZG9wZFBXUjRaZWtJMkg5X0VrdHhteGI1c04zVHc?oc=5,74,"Run crypto futures education, demo, exchange signup or affiliate campaign.",Crypto volatility is creating fresh futures and exchange intent.,We can package today's active crypto futures traffic themes for your exchange.,Public intent signal only. Not a personal contact record.,"Review source, identify author/company/channel, then enrich only through lawful public or vendor sources"
OPP-2026-10-04-011,2026-10-04,Medium,Crypto Futures,Crypto futures and exchange traders,BNB 24h change 2.48%,CoinGecko public API,https://www.coingecko.com/en/coins/binancecoin,70,"Run crypto futures education, demo, exchange signup or affiliate campaign.",Crypto volatility is creating fresh futures and exchange intent.,We can package today's active crypto futures traffic themes for your exchange.,Public intent signal only. Not a personal contact record.,Package crypto futures audience and creator topics
OPP-2026-10-04-012,2026-10-04,Medium,FX,FX and MT4/MT5 traders,Forex Brokers with Raw Spread Accounts in October 2026 - TradingPedia,TradingPedia,https://news.google.com/rss/articles/CBMiigFBVV95cUxQb0VHcUU1QmszeGtSWlR1TDhUUFc0aE1uTEUzZllCeUZDZkVteUs0ZEVZSk5hQ2Z1MU9XOVBMb2dFcWVpbnFuc3ROalQwOHVuM0EzSHZTdlJScm5mT0dWNzA4S1c5Q1UzbGYxMWVLbEg4S3BwTUhlSG5mT0pPaU0zRUx1YzZXS2l4OFE?oc=5,70,"Run MT4/MT5 onboarding, low-spread broker comparison or FX webinar campaign.",FX analysis and broker-selection topics are active today.,Do you want today's active FX intent feed for your sales or affiliate team?,Public intent signal only. Not a personal contact record.,"Review source, identify author/company/channel, then enrich only through lawful public or vendor sources"
OPP-2026-10-04-013,2026-10-04,Medium,Metals / Energy CFD,"Gold, silver and oil CFD traders",Gold Price Forecast: XAU/USD Plunges 12.4% Toward Critical Support - StoneX,StoneX,https://news.google.com/rss/articles/CBMitgFBVV95cUxPdHdFdmdGS3RROFktSzNxckY4d1dLM2thRWZpVUxSeVpPNzNTcjhSRUFNOG9WZzdzYVVzcFkxRnJiRFIxbElDRlBFcHFVMmVIdDVfSHlUNFVkRnJsVUhoMlB5SDVCcEVfM3BjLU5ManVLQS01a242bm5qcWdBY0NfOC1tXzcxbWV3OGQweWxWVjJPNVVldENraUJaclhXdzBQRWluZTF2eWNYdWdLUEx5UGV1d0pUZw?oc=5,70,Run a metals/energy CFD demo account or webinar campaign.,"Market volatility in gold, silver and crude oil is creating active trader attention.",Want today's active gold/oil trader topics and creator channels?,Public intent signal only. Not a personal contact record.,"Review source, identify author/company/channel, then enrich only through lawful public or vendor sources"
OPP-2026-10-04-014,2026-10-04,Medium,Metals / Energy CFD,"Gold, silver and oil CFD traders",Gold Price Forecast: US Nonfarm Payrolls holds the key to XAU/USD’s next big move - FXStreet,FXStreet,https://news.google.com/rss/articles/CBMixAFBVV95cUxQeEljWHA5WWlyZHBmOXFhb1Y5ZnJWSXoyZFF6Y1N4aVcySFYyY2tuUHdEZXZxWHA2SHBrZVBQM3ZsbHpXRjJZVl9ud3pKNldlLXhJeGJKQ2cxcXdKaDV4R3BlVnJycDdzc2w2ak8wbklvUHl4YjhsaHB0VHJ6QmZoVUFLTjlhWmFodE9aODBIMlN5cXRQX1JXS3NsR2dqSmx3QV9naFYxQ0QtVlZTM1lDNVJDa2VEbC10eFl4TTY5ZEVFbnJs?oc=5,70,Run a metals/energy CFD demo account or webinar campaign.,"Market volatility in gold, silver and crude oil is creating active trader attention.",Want today's active gold/oil trader topics and creator channels?,Public intent signal only. Not a personal contact record.,"Review source, identify author/company/channel, then enrich only through lawful public or vendor sources"
OPP-2026-10-04-015,2026-10-04,Medium,Metals / Energy CFD,"Gold, silver and oil CFD traders",Gold (XAUUSD) Price Forecast: 5.34% 10-Year Yield Keeps Bulls on Defense Before Payrolls - FXEmpire,FXEmpire,https://news.google.com/rss/articles/CBMi0AFBVV95cUxOUVMyTDhxWnVlaU02c3FSSUxiYmNGNUYtaTRLNk5EOEhQYlVHNkdodC03VlhXWVB5bGVGMTloa3JoS2E3ZUpqMVVibnZ2YzQ3d1RVeUQ2V2VmNHg4anFRZU12MjhzOUhpV2VwYUQwbTdRbXdJNjl0RHlEajJPSzZYclNYTWw1SUpzYXBLX3VCZlJPVnExc3NfZEF6NXFMZlNiOVBBUVRNRl9mbmRfMjlKUlZzYTZfaVBySURNRzFoblVaLV9vN2FvOElISk9paWZR?oc=5,70,Run a metals/energy CFD demo account or webinar campaign.,"Market volatility in gold, silver and crude oil is creating active trader attention.",Want today's active gold/oil trader topics and creator channels?,Public intent signal only. Not a personal contact record.,"Review source, identify author/company/channel, then enrich only through lawful public or vendor sources"
OPP-2026-10-04-016,2026-10-04,Medium,Metals / Energy CFD,"Gold, silver and oil CFD traders",Gold XAUUSD | Trendline Break & Smart Buy Setup for OANDA:XAUUSD by Gold_Professor_SMC - TradingView,TradingView,https://news.google.com/rss/articles/CBMimgFBVV95cUxNRlNlX21VUnJEVXZER3Q1ejRIOWNwTXZ6TFhSS2VhZW8tT2hSSHAyLVE3SWZoWDQ4U2dqRDdCNVJsZjA0d3l0SlN6M3BBNlFQd0c3TVRPQlhsQ281VGxKQ3ZmdjE5MFFveFdQQnVwOFFLMnU4bTdDR0FiM0FVc1ZjTnM4ZU5PeVFSeUhUeGFsN1RjSmsta0d3WGN3?oc=5,70,Run a metals/energy CFD demo account or webinar campaign.,"Market volatility in gold, silver and crude oil is creating active trader attention.",Want today's active gold/oil trader topics and creator channels?,Public intent signal only. Not a personal contact record.,"Review source, identify author/company/channel, then enrich only through lawful public or vendor sources"
OPP-2026-10-04-017,2026-10-04,Medium,Metals / Energy CFD,"Gold, silver and oil CFD traders",What Is Gold Really Trading? Building a Valuation Map for XAU/USD - Bitget,Bitget,https://news.google.com/rss/articles/CBMidkFVX3lxTE9uRjRic2Rkc1RTTFN4ZDJQeWZDbFljSkJvZjRUdzcxeG9NcmVWWTB6OHNxOGljU19LQ05ERUhzRjlBalhmU1BGYXN4RTZRY2tTTzI0MWNZejhaNENzTmhaa05VMzlaYkVPanlmejlheU9iODJVRnfSAXZBVV95cUxPbkY0YnNkZHNUU0xTeGQyUHlmQ2xZY0pCb2Y0VHc3MXhvTXJlVlkwejhzcThpY1NfS0NOREVIc0Y5QWpYZlNQRmFzeEU2UWNrU08yNDFjWXo4WjRDc05oWmtOVTM5WmJFT2p5Zno5YXlPYjgyVUZ3?oc=5,70,Run a metals/energy CFD demo account or webinar campaign.,"Market volatility in gold, silver and crude oil is creating active trader attention.",Want today's active gold/oil trader topics and creator channels?,Public intent signal only. Not a personal contact record.,"Review source, identify author/company/channel, then enrich only through lawful public or vendor sources"
OPP-2026-10-04-018,2026-10-04,Medium,Metals / Energy CFD,"Gold, silver and oil CFD traders",Gold (XAUUSD) Price Forecast: Weak Payrolls Bounce Fails as Sellers Return - FXEmpire,FXEmpire,https://news.google.com/rss/articles/CBMivwFBVV95cUxNZjRqS1UwbE40QXFjQnJLbGh4aXhQcEp1LTM1aFBWY0N0ekRKZmZXV1pXajFNT2stdzdrUklPSm1jWkllRzhOak5YSUduOFhHdDBjbEdfMGRVendYcy1PaFBlN09kY2VCUHVaTnlvV3ZmeUpmeGVYVUNjVVJmRU9fT0gzdEh2aDd1dy05blF0TkFvUTVxSXNNUWRIT0Fla2Z5c19ROTFRX0FvbVpkZHU0NE1STHlRR2FZMTBRQjRtVQ?oc=5,70,Run a metals/energy CFD demo account or webinar campaign.,"Market volatility in gold, silver and crude oil is creating active trader attention.",Want today's active gold/oil trader topics and creator channels?,Public intent signal only. Not a personal contact record.,"Review source, identify author/company/channel, then enrich only through lawful public or vendor sources"
OPP-2026-10-04-019,2026-10-04,Medium,Metals / Energy CFD,"Gold, silver and oil CFD traders",Crude Oil Cuts Losses as Traders Eye G-7 Fuel Release - WSJ,WSJ,https://news.google.com/rss/articles/CBMipAFBVV95cUxOTnJNODFJQ0xlUm8zN2FkRzN6RUZRbzhPRlg2c3h3QmpyOUhKNy1UY3IwQ2d5OUltaDNIS1BjdmVQZ2RSLWsxb1hwRkNESFBSSXdOVXNOU0RNd1d4ZWY1N0JMY0M4VFNBYkpYRUE4VzdJVnB3Z0VidGVraER4SUctdk10cGFxZnYybmpvTFAxdW84MXVYOU9nTGp3WGY4LWpjcmxHMQ?oc=5,70,Run a metals/energy CFD demo account or webinar campaign.,"Market volatility in gold, silver and crude oil is creating active trader attention.",Want today's active gold/oil trader topics and creator channels?,Public intent signal only. Not a personal contact record.,"Review source, identify author/company/channel, then enrich only through lawful public or vendor sources"
OPP-2026-10-04-020,2026-10-04,Medium,Metals / Energy CFD,"Gold, silver and oil CFD traders",Oil settles lower after Europe agrees to tap diesel reserves - Reuters,Reuters,https://news.google.com/rss/articles/CBMiqAFBVV95cUxNTERINTZjYjV0dGhsWUtmMjRmNXVHN2tjaG5ZVkpldGxTRHJxOWc5N0Jtd0dhTEZLdUVpM2Z4T1J5SFYxZ2NTMm83Q1ZSXzgxUDA2Z2hXbFRKRTY1cWRWajR2SldNQ2xqTktJNDAxamcyb3V0YVZyZnh6aktvcHpUNzRobzNocWQ1ZFREbVN5OUR2MHJ3MHVQU1RveHYzYkhZZnAzc3YtNTk?oc=5,70,Run a metals/energy CFD demo account or webinar campaign.,"Market volatility in gold, silver and crude oil is creating active trader attention.",Want today's active gold/oil trader topics and creator channels?,Public intent signal only. Not a personal contact record.,"Review source, identify author/company/channel, then enrich only through lawful public or vendor sources"
OPP-2026-10-04-021,2026-10-04,Medium,Metals / Energy CFD,"Gold, silver and oil CFD traders",WTI Whipsaws as Gulf Supply Improves and Middle East Risk Returns - Crude Oil Prices Today | OilPrice.com,Crude Oil Prices Today | OilPrice.com,https://news.google.com/rss/articles/CBMiswFBVV95cUxPeENQdEQ1S2xlY04xT0M5NWVuRy1yWl8zR0hxQ0gwdFlzWHV2cVl5cjNtLXFjRWw5VFJWaEdUZS02REtUTExPYV9zcGdYTndRZE56YVNJb2dlRU41ZzVnMkZLRXk1MVUwbzZXaXl2MEI0WC1iV3ZhYThfZUpOenZIMWkxSHZLOU1Oc0VoQ1p0bk40WnlPOXlHY2RCeTUwNGZRU1RyTXlaQUJ4ZjlVRFVPVG9WNNIBuAFBVV95cUxNZFlrVG82elVPbE4zZ2RTRXBMek9xeFl3NjlXZjY4eHo1aUhlVWVUWDdGUktvQlFNZnR3d2M2MjlUaDk4UnR3UFVHUnlQaGFYVmFkZWZOMXNFaXhFWGN6dHVJbWFBbHlXS0t2anNiUlpKXzM3Yl8xT2p5dWhXZU0xclJGeXV0OUowaTdLVFNPaU9fLUxOMDZuY001Mk93d1B3bFlWM1JDRlZhZERyWDB4a3NoTGpPTHB0?oc=5,70,Run a metals/energy CFD demo account or webinar campaign.,"Market volatility in gold, silver and crude oil is creating active trader attention.",Want today's active gold/oil trader topics and creator channels?,Public intent signal only. Not a personal contact record.,"Review source, identify author/company/channel, then enrich only through lawful public or vendor sources"
OPP-2026-10-04-022,2026-10-04,Medium,Metals / Energy CFD,"Gold, silver and oil CFD traders",Oil Ends Volatile Week Mixed as Emergency Reserve Release Knocks WTI Lower but Brent Holds Above $102 - EnergyNow.com,EnergyNow.com,https://news.google.com/rss/articles/CBMiywFBVV95cUxQcEdEallZRk5rOTM3SzdybHI0YTNjZFJ3dzV0X25tbWExVmJpVTJoNnRaRUlIVkczZmFSUWwzY2NESkp5UFNRd3d4bnZwWTk0RjhJbllYRm1WVkxlcFlhVEtGanVHWWNsSFdBZ1ZpamJscmo4eTFJQ3RGMzJLdzJFSFY1cFNQUXN4cWYyUXlINzlsUmhSSDhxb21icVZsem92OTFTLWlqRVo5YmcyMURBQnY1U2FZRExhSFg1X3ZvSVVWRzBXY0JDQ0FYaw?oc=5,70,Run a metals/energy CFD demo account or webinar campaign.,"Market volatility in gold, silver and crude oil is creating active trader attention.",Want today's active gold/oil trader topics and creator channels?,Public intent signal only. Not a personal contact record.,"Review source, identify author/company/channel, then enrich only through lawful public or vendor sources"
OPP-2026-10-04-023,2026-10-04,Medium,Crypto Futures,Crypto futures and exchange traders,Crypto shorts lose $110 million in a 10-minute liquidation burst - TradingView,TradingView,https://news.google.com/rss/articles/CBMixwFBVV95cUxPbXlFeDZQcXlLbGEtQnBBVl9SYnNmdUFvX19uZEFmbFk2RGlERzFweGNoeUZWTFBQa1ZzX1l6VElVMmIzZy1kNXpNX3cycE1PWHZNNUxVNzNxUTI2a3ZvRHA4N0RvenV4dmNtUWNyS0Fvbkc5bUQxZzdnMUtYR3kzVTE2LV8wQm94VEhhcXhRYlhORE1WXzF1akJ3V0JTMjJZcHVWYjN1UXl1bE54OURoV2h3U3AydnlsdXNCYlhxNFBadUgwaVZj?oc=5,70,"Run crypto futures education, demo, exchange signup or affiliate campaign.",Crypto volatility is creating fresh futures and exchange intent.,We can package today's active crypto futures traffic themes for your exchange.,Public intent signal only. Not a personal contact record.,"Review source, identify author/company/channel, then enrich only through lawful public or vendor sources"
OPP-2026-10-04-024,2026-10-04,Medium,Crypto Futures,Crypto futures and exchange traders,Bitcoin Crashes Below $84K as Crypto Liquidations Near $600M - CryptoPotato,CryptoPotato,https://news.google.com/rss/articles/CBMijAFBVV95cUxPQmdEZnNad3JpT1JMY18tWmMxMFlycVo0M1lBZER5aGhvU0swQVNZSGV0Q0JhdFRxVlFxZUVCZ01xbUlGVzN2Vm5MWnVQOFZkX09PcDZqQi0zZVhBaDdxanA1WU1kV3dBSlllZEFqN2hBbEVCYWxySGpYU1p0T3Y5ai1WbkoxMjY0YTdaaA?oc=5,70,"Run crypto futures education, demo, exchange signup or affiliate campaign.",Crypto volatility is creating fresh futures and exchange intent.,We can package today's active crypto futures traffic themes for your exchange.,Public intent signal only. Not a personal contact record.,"Review source, identify author/company/channel, then enrich only through lawful public or vendor sources"
OPP-2026-10-04-025,2026-10-04,Medium,Stocks / Options,"Stock, ETF and options traders",Best Trading Platforms For UK Investors In 2026 - Forbes,Forbes,https://news.google.com/rss/articles/CBMidkFVX3lxTE9La2NONjR5N2VPSVA1V0xqVG51YWpwYnViQUIwdGx5OU5vQThoT3dONURsM05tOW5JQmt4RVcweGNISkh3SkxDR3lVNXl3VU4xYXlCMUx1bWZSRGl6TVM4UnhMLWVjLU5pM1VqSEFmekJkcDh4aEE?oc=5,70,"Run stock trading app, CFD equities or options education campaign.",US equities and options conversations are active around market movers.,We can package active stock-trading topics and creators for your brokerage.,Public intent signal only. Not a personal contact record.,"Review source, identify author/company/channel, then enrich only through lawful public or vendor sources"
OPP-2026-10-04-026,2026-10-04,Medium,Crypto Futures,Crypto futures and exchange traders,"You Can Soon Trade NVDA, TSLA, META, GOOGL Futures As CME Expands Playbook - Stocktwits",Stocktwits,https://news.google.com/rss/articles/CBMi0AFBVV95cUxPeWhMMFdjaDZWUzRvVk55UnBBemJ6WWFvNTh3TnNqd2JBbmJUck9PeHlWbDJWS1lxMmU2NHg5MjF5SzJnNTdBdEh4R1gtUVFDYmlKZ2I2U01HNjhKR0FEcm5nZzNmQ0MxanlWZ0VZSHFlV2c3S3dqV01VUVB3X3FFVXZFTndEeU5tb3RYWXllRWl1REVXZmdWWGZISUxmbkRxTUF1TzlnWlBUaS1ZS2JETFZRbjZfeU5pM2pVdWRiSmJsYmswYzZfSV9ZclBLR0kt?oc=5,70,"Run crypto futures education, demo, exchange signup or affiliate campaign.",Crypto volatility is creating fresh futures and exchange intent.,We can package today's active crypto futures traffic themes for your exchange.,Public intent signal only. Not a personal contact record.,"Review source, identify author/company/channel, then enrich only through lawful public or vendor sources"
OPP-2026-10-04-027,2026-10-04,Watch,Crypto Futures,Crypto futures and exchange traders,Solana 24h change 1.12%,CoinGecko public API,https://www.coingecko.com/en/coins/solana,64,"Run crypto futures education, demo, exchange signup or affiliate campaign.",Crypto volatility is creating fresh futures and exchange intent.,We can package today's active crypto futures traffic themes for your exchange.,Public intent signal only. Not a personal contact record.,Package crypto futures audience and creator topics
OPP-2026-10-04-028,2026-10-04,Watch,Crypto Futures,Crypto futures and exchange traders,Ethereum 24h change 0.63%,CoinGecko public API,https://www.coingecko.com/en/coins/ethereum,63,"Run crypto futures education, demo, exchange signup or affiliate campaign.",Crypto volatility is creating fresh futures and exchange intent.,We can package today's active crypto futures traffic themes for your exchange.,Public intent signal only. Not a personal contact record.,Package crypto futures audience and creator topics
OPP-2026-10-04-029,2026-10-04,Watch,FX,FX and MT4/MT5 traders,"EUR/USD, FTSE 100 Forecast: Two trades to watch - FOREX.com",FOREX.com,https://news.google.com/rss/articles/CBMimwFBVV95cUxQdkF2R1JlTXRQMjhYN1h4cFNMYzZ1dGJodEhzNmRXcGxHVzVfLXRoSGJhQ3BnNEktS25UTmE2Y0oyWkFUajBTbW9lUmx0U3dXaGt2cS1WSFY0dF94aFk4RmZCUFVrQUk0QTRDVkxFc2hGdWgzbXBlbDhnQWd4dUFSNTBkRV9SOXdvZ2hoZjQ2cDlqWlJWSTlmY2haVQ?oc=5,62,"Run MT4/MT5 onboarding, low-spread broker comparison or FX webinar campaign.",FX analysis and broker-selection topics are active today.,Do you want today's active FX intent feed for your sales or affiliate team?,Public intent signal only. Not a personal contact record.,"Review source, identify author/company/channel, then enrich only through lawful public or vendor sources"
OPP-2026-10-04-030,2026-10-04,Watch,Metals / Energy CFD,"Gold, silver and oil CFD traders","Technical analysis of US Crude, XAUUSD and EURUSD for Today (October 2, 2026) - LiteFinance",LiteFinance,https://news.google.com/rss/articles/CBMirAFBVV95cUxQd0o5OUxCemhXaDJCekh5QXhNOTEtUHRsemN2QlVVX1l0M29iQTNkYlNvMnhzYXlzYVZ0c09ZSnlxaHRVYTVIazJXek5FOEJHUjY1Yk9YcXV2WXo2MnV6WjY0LUtsTF80VVhhRV9FMWtuUm1yazd5WXlrU0lVY3lnRVBJdEpobjRCVWYyd3NfTnh4SktPWVpsUGJEMERDdEtTQm9aTk1YTkVSSUFK?oc=5,62,Run a metals/energy CFD demo account or webinar campaign.,"Market volatility in gold, silver and crude oil is creating active trader attention.",Want today's active gold/oil trader topics and creator channels?,Public intent signal only. Not a personal contact record.,"Review source, identify author/company/channel, then enrich only through lawful public or vendor sources"
OPP-2026-10-04-031,2026-10-04,Watch,FX,FX and MT4/MT5 traders,EUR/USD Fresh Yearly Low - Most Oversold Since March for FOREXCOM:EURUSD by FOREXcom - TradingView,TradingView,https://news.google.com/rss/articles/CBMiowFBVV95cUxQdmd3TWYwalhvTkFIbXBkS3FDS3dfX1d5ZExjTjc1cjFqMVBPVDhmcmVzR1dVM3hqYUh6aFVZR01CeDZaemhEUzY5Qzlkd1dCa094VGZOeW1zNENpakdqTHRESWxHNENCYVBwTlBLVzFIRHd1eGRtbmRONlVLeTZNSU9WcWR5UXlXZ283TFZIM2dBbVdOWklKdDFBN1J0MXQwRGxn?oc=5,62,"Run MT4/MT5 onboarding, low-spread broker comparison or FX webinar campaign.",FX analysis and broker-selection topics are active today.,Do you want today's active FX intent feed for your sales or affiliate team?,Public intent signal only. Not a personal contact record.,"Review source, identify author/company/channel, then enrich only through lawful public or vendor sources"
OPP-2026-10-04-032,2026-10-04,Watch,FX,FX and MT4/MT5 traders,Aurra Markets Crowned 'Best Emerging Broker' at Forex Expo Dubai 2026 - PR Newswire UK,PR Newswire UK,https://news.google.com/rss/articles/CBMiwwFBVV95cUxQTmt5X0pJNE5nYVl6eHJkWGUycXctTmtGcG14ay1TRVhYTVcxX2JjNkctMWlRWGhPMldscnBkS2s3emFnaDhZVjEzczlFQ1ozZm9DNzg4QnhaRzBrVDdzU0szU0p3UDNuNEc4NHFIU2ZxZXpheTFTU3BHLUNtQUhNVnJES1Z5LThuY2oweGo3eUkwQjhuZm1hVTBBeDFvWU82RUtmQ3o0bF9sNllzY3Q3QTBnVkxnSjZHVlZrT2tKaUJsamM?oc=5,62,"Run MT4/MT5 onboarding, low-spread broker comparison or FX webinar campaign.",FX analysis and broker-selection topics are active today.,Do you want today's active FX intent feed for your sales or affiliate team?,Public intent signal only. Not a personal contact record.,"Review source, identify author/company/channel, then enrich only through lawful public or vendor sources"
OPP-2026-10-04-033,2026-10-04,Watch,Metals / Energy CFD,"Gold, silver and oil CFD traders",Gold Forecast: Are Bears Regaining Control of XAU/USD? - StoneX,StoneX,https://news.google.com/rss/articles/CBMisAFBVV95cUxPaVdSM1ZXTFFNalE3ZnZGTEgzUE5WUmtac0had19hUk80bHczbjNHOXlIcUtDUUhPSkNZUkxPbEhIZDZ1RjJFN2VRTVFBM0w0c2JrNVZiZllkeWJMMEpndnFXRkw2cUdqVEswUWpmRHM2VTJVRkRRTGxLdDMtUERqT0x2emlFSzhGcVlvd1FPWFl6bm80VDR4S1V4SnBROHZOeGkwOURYeG0wNjAzcVVhTQ?oc=5,62,Run a metals/energy CFD demo account or webinar campaign.,"Market volatility in gold, silver and crude oil is creating active trader attention.",Want today's active gold/oil trader topics and creator channels?,Public intent signal only. Not a personal contact record.,"Review source, identify author/company/channel, then enrich only through lawful public or vendor sources"
OPP-2026-10-04-034,2026-10-04,Watch,Metals / Energy CFD,"Gold, silver and oil CFD traders",Silver (XAGUSD) Volatility Intensified on Sep 28: What to Watch - TradingKey,TradingKey,https://news.google.com/rss/articles/CBMijgFBVV95cUxQd2ZyUDNJbWpzV3gtbmVuWEIwVlE3dHZPUmRuVHdnWXpjT2JkNnk5Vm00VWhfNU5rNWN4V21fU3k2NGs0azFXR25ab2x2MWozamZQSzVhVHZpVEIwVFY4ZE9uTUMyZzVWejVPNTJzV1BtbXFoM0laUEdoTURyRWJWdU91d29YMjdpQlhCWFRR?oc=5,62,Run a metals/energy CFD demo account or webinar campaign.,"Market volatility in gold, silver and crude oil is creating active trader attention.",Want today's active gold/oil trader topics and creator channels?,Public intent signal only. Not a personal contact record.,"Review source, identify author/company/channel, then enrich only through lawful public or vendor sources"
OPP-2026-10-04-035,2026-10-04,Watch,Metals / Energy CFD,"Gold, silver and oil CFD traders",Brent oil jumps more than 4% as U.S. reportedly sends third aircraft carrier to Middle East - CNBC,CNBC,https://news.google.com/rss/articles/CBMicEFVX3lxTE5yODZYTkUzZ09LMVducjBvQ1czQUc2WFdZNmVuUUpDVnpZMEJfMGhpWkkzQlRLUGprcDNielYycW8xYU5peDhhcy1pbzNJUVo1YkV0MjktUVliQ3NTc1ZNOXpDSUtubXZIYnBGOS04NDTSAXZBVV95cUxOQU83cmR3ZHl6YWl1V2RNcFRXbzJqRkFKZktLMkVobTBKMGxibmxDcEQwWjFqdXFQcFozSUVpVUhvZF85SDNCQzZxVk42RjdTWXdWcXd6SkNmWWlLVy1iT0l0NHlRUHNJOG5UZEQ5NlhoMHNmWnVB?oc=5,62,Run a metals/energy CFD demo account or webinar campaign.,"Market volatility in gold, silver and crude oil is creating active trader attention.",Want today's active gold/oil trader topics and creator channels?,Public intent signal only. Not a personal contact record.,"Review source, identify author/company/channel, then enrich only through lawful public or vendor sources"
OPP-2026-10-04-036,2026-10-04,Watch,Metals / Energy CFD,"Gold, silver and oil CFD traders",Analysts Look at WTI-Brent Spread - Rigzone,Rigzone,https://news.google.com/rss/articles/CBMikwFBVV95cUxQR3VtUk9rTkRtdmxKLW1jQ254MW9yc2duQk50T19Cekd0VU1VM29KcUZhdGFVMGxDOHNGU2gzU1JwSnNsaFJrT1JySlVIdnZVRHFRWXlFWU1Sbk1PSHdudkR1aXFZWlVSQTBaVWlSb21TNnBiTEFpRms5V1Z2NUp0VWFKcHJTU0luZ2c1WU80TEdFcFE?oc=5,62,Run a metals/energy CFD demo account or webinar campaign.,"Market volatility in gold, silver and crude oil is creating active trader attention.",Want today's active gold/oil trader topics and creator channels?,Public intent signal only. Not a personal contact record.,"Review source, identify author/company/channel, then enrich only through lawful public or vendor sources"
OPP-2026-10-04-037,2026-10-04,Watch,Metals / Energy CFD,"Gold, silver and oil CFD traders","Oil and gas activity increases despite cost pressures, longer supplier delivery times - Federal Reserve Bank of Dallas",Federal Reserve Bank of Dallas,https://news.google.com/rss/articles/CBMiZ0FVX3lxTFA3bEViaWRKem5STThFZ1J2NlhvMlE0TUZmUzY3NmhvejZJZE9WQXM3MV9PdTUycVRTeWpLX1oxTE9DM25CdnBaek81QmM5VGN1TnF4S3pvb1NiY1dzTWZYMW5NTHBSMnc?oc=5,62,Run a metals/energy CFD demo account or webinar campaign.,"Market volatility in gold, silver and crude oil is creating active trader attention.",Want today's active gold/oil trader topics and creator channels?,Public intent signal only. Not a personal contact record.,"Review source, identify author/company/channel, then enrich only through lawful public or vendor sources"
OPP-2026-10-04-038,2026-10-04,Watch,Crypto Futures,Crypto futures and exchange traders,Trading Crypto as an Asset Class: The Case for Nasdaq CME Crypto Index Futures - CME Group,CME Group,https://news.google.com/rss/articles/CBMivgFBVV95cUxNMmdtRzFoTE13SXhlSEMwamtlVThKS2tRWExOcjNxZVhiM0tqSk5CZl9xcGxDS042d3F0M1hYV3VhTXZIT0Zhblc0cGdrcTZ0bmFHYTBBN0ZHTVVPSjVFRlBORHc5Y3ZqLW1GdE03dnZaYUhpRllOZnlodXJFMUxFVDBBS3lEaU1rakFtaEZqLV9uMXdibUI2THZTbDA3VDloMFdXbHRJWnJIczk5YXpFMzBIZFJfSDFxX19xM0tn?oc=5,62,"Run crypto futures education, demo, exchange signup or affiliate campaign.",Crypto volatility is creating fresh futures and exchange intent.,We can package today's active crypto futures traffic themes for your exchange.,Public intent signal only. Not a personal contact record.,"Review source, identify author/company/channel, then enrich only through lawful public or vendor sources"
OPP-2026-10-04-039,2026-10-04,Watch,Crypto Futures,Crypto futures and exchange traders,Robinhood Targets U.S. Crypto Traders With 10x Perpetual Futures - Bitcoin Foundation,Bitcoin Foundation,https://news.google.com/rss/articles/CBMiqwFBVV95cUxQS0lBdDlWcUllYUNvQW1vSnRKeFV1UEoxdElHMlhFUi1KdXViQ2U4Sno5Y3Z2WU9BZEFzR2QtcFktQnVaeVpGRmNCSk5wMGdsSUlDX0VWd3FjWDEyQXpFbWtnS1g4SUJNQ3RiQlFoNFZCd0Z1YmNRVlJvdXl3Zm4tV2JYN1k1RWRLeVBPTWU4ZWx3NFZ1aWVUMzZhVm55anA4dl9zcWF5UmJzVzA?oc=5,62,"Run crypto futures education, demo, exchange signup or affiliate campaign.",Crypto volatility is creating fresh futures and exchange intent.,We can package today's active crypto futures traffic themes for your exchange.,Public intent signal only. Not a personal contact record.,"Review source, identify author/company/channel, then enrich only through lawful public or vendor sources"
OPP-2026-10-04-040,2026-10-04,Watch,Crypto Futures,Crypto futures and exchange traders,Is CME Group (CME) Fully Priced After Its Crypto Futures Push? - Yahoo Finance,Yahoo Finance,https://news.google.com/rss/articles/CBMilgFBVV95cUxQX2F0OW84R2dPLUItSWtaajZqTWJwQ3FTWjNRdnZGQ1h5MnJESVBfaXN4RzhRMmNWbTRXS0pJLWZpSzk4bk5PM0NBc0g4ZVR3RURlTDdPNTNON3NKTWxXblRjNnBTbkxnODdNUWhwQk0ybmdxNjlTa0hfVlRzaGNEaFJleHpKNGJxTWtLVnk0MVNXRWFGUHc?oc=5,62,"Run crypto futures education, demo, exchange signup or affiliate campaign.",Crypto volatility is creating fresh futures and exchange intent.,We can package today's active crypto futures traffic themes for your exchange.,Public intent signal only. Not a personal contact record.,"Review source, identify author/company/channel, then enrich only through lawful public or vendor sources"
OPP-2026-10-04-041,2026-10-04,Watch,Crypto Futures,Crypto futures and exchange traders,Crypto Leverage Data: Only 6.7% of Futures Contracts Offer 100x Leverage - GlobeNewswire,GlobeNewswire,https://news.google.com/rss/articles/CBMi2gFBVV95cUxPUXRGTFJka3I3SkxET1JWWVdwNDJ0WkQ2b2tTeFJpSGpRMjFqb2VHMmJMWHMyTDJXSnFaUXh4QUZxR1d4MjR3OTB0RUNyc3RzbTNZZ1FNbVlwSDhGOG1DS21fTWxFS0J2SVFxYTdrc2NvMDlHUE5NMldobi0tNHdGRU9BekhkckZQMXVpVVFCbTB3QVhaUHdRTTNaS1YxWTFhSjZ4ZUozazVnSmpRQWRPbHBfYTRzNXlqbGtuVndZY1NfbXpUSmN5YzNZX195UjhmZ0lIUWlVVEZIZw?oc=5,62,"Run crypto futures education, demo, exchange signup or affiliate campaign.",Crypto volatility is creating fresh futures and exchange intent.,We can package today's active crypto futures traffic themes for your exchange.,Public intent signal only. Not a personal contact record.,"Review source, identify author/company/channel, then enrich only through lawful public or vendor sources"
OPP-2026-10-04-042,2026-10-04,Watch,Crypto Futures,Crypto futures and exchange traders,Bitcoin’s $87K Test: $122M in Short Positions Get Liquidated - Altcoin Buzz,Altcoin Buzz,https://news.google.com/rss/articles/CBMijAFBVV95cUxNeVdzQm96WDlLZlJpZFJpTGdWSlZSWFRyTmtJaDYxOTliVnE1ajV1blBsU0Z3dHFnXzZYSm4ySGJITUxQbFdtMkhybFNNWTlmclFSbld4ek9DemVPV01JdjQ1VTdadFA1ZDRpN1BTWklweDRzS0M4d2xGQ214WWRTZUQ4RDN3b2VUbGNfRg?oc=5,62,"Run crypto futures education, demo, exchange signup or affiliate campaign.",Crypto volatility is creating fresh futures and exchange intent.,We can package today's active crypto futures traffic themes for your exchange.,Public intent signal only. Not a personal contact record.,"Review source, identify author/company/channel, then enrich only through lawful public or vendor sources"
OPP-2026-10-04-043,2026-10-04,Watch,Crypto Futures,Crypto futures and exchange traders,Best Crypto Derivatives Exchanges in 2026 - Coin Bureau,Coin Bureau,https://news.google.com/rss/articles/CBMic0FVX3lxTFBXZDZsXzhiTW4tV3FGTzQtZkNnRl9OakgxZFZQOFQwc2k4aXFVNjBURE90b0lDdlEwMVFmaDhkVm01XzQyVDVlTHptVEZWcHJSakZFN1pWR2J5VXZTeHN4Q0JHRjdRR29mcm1RdE1BeE4wSFU?oc=5,62,"Run crypto futures education, demo, exchange signup or affiliate campaign.",Crypto volatility is creating fresh futures and exchange intent.,We can package today's active crypto futures traffic themes for your exchange.,Public intent signal only. Not a personal contact record.,"Review source, identify author/company/channel, then enrich only through lawful public or vendor sources"
OPP-2026-10-04-044,2026-10-04,Watch,Crypto Futures,Crypto futures and exchange traders,Perp Funding Rates: BTC & ETH on 7 Exchanges - DeFi Rate,DeFi Rate,https://news.google.com/rss/articles/CBMiP0FVX3lxTFBqMmZ0SWZOQThrbHJQZVZIU3RDdDJHQ0dGQ1p3MFZuM3pRSHllV2RRN3RNb083czhfaHhSTGRIOA?oc=5,62,"Run crypto futures education, demo, exchange signup or affiliate campaign.",Crypto volatility is creating fresh futures and exchange intent.,We can package today's active crypto futures traffic themes for your exchange.,Public intent signal only. Not a personal contact record.,"Review source, identify author/company/channel, then enrich only through lawful public or vendor sources"
OPP-2026-10-04-045,2026-10-04,Watch,Stocks / Options,"Stock, ETF and options traders",8 Best Stock Trading Apps of October 2026 - AOL.com,AOL.com,https://news.google.com/rss/articles/CBMieEFVX3lxTE81WUVxY25hRVZUWVBJMlBQVE1jektMN2tjTldTRDJNbl8yczZQRnZOaFVGYlNhR0YyQWJZMXBiVEgyRERhZ1RyTEVUYjdOa2YzX0piMTZ6aGdDeFVQcDVpMmIyRjdENVhyak55cEZBMTM0eUhQN1J1ag?oc=5,62,"Run stock trading app, CFD equities or options education campaign.",US equities and options conversations are active around market movers.,We can package active stock-trading topics and creators for your brokerage.,Public intent signal only. Not a personal contact record.,"Review source, identify author/company/channel, then enrich only through lawful public or vendor sources"
OPP-2026-10-04-046,2026-10-04,Watch,Stocks / Options,"Stock, ETF and options traders",Robinhood Plans Weekend Stock Trading as It Expands Its Investing App - mezha.net,mezha.net,https://news.google.com/rss/articles/CBMibEFVX3lxTE8tbXYyYmQwUjdISXllODF0VnBNWldSTExuekxGWTQ1a0hGSW1vdnM2dm55QU8xODZWYjFwQW5jazcxb3RnSDlobVhzZTVaTC1Hbk4tcXVpaW0tZ1N5NkhXblREd0VtTDNac0pOVA?oc=5,62,"Run stock trading app, CFD equities or options education campaign.",US equities and options conversations are active around market movers.,We can package active stock-trading topics and creators for your brokerage.,Public intent signal only. Not a personal contact record.,"Review source, identify author/company/channel, then enrich only through lawful public or vendor sources"
OPP-2026-10-04-047,2026-10-04,Watch,Stocks / Options,"Stock, ETF and options traders",Best Stock Trading Apps In Canada For 2026 - Million Dollar Journey,Million Dollar Journey,https://news.google.com/rss/articles/CBMidkFVX3lxTFBNMFZhNHY0MXFGT1RoNFljbW94UUFGbDNkUHJrRy1SM3F1TmF1Z2FvejEzLWx4RVhyN05aNnBmV0c5azlOQXJ2UjJORE5DUFo4bkloX0RxS2k2b2VOSXl3WGpoNkowbGhiNlE1SUdIVllVc01ObHc?oc=5,62,"Run stock trading app, CFD equities or options education campaign.",US equities and options conversations are active around market movers.,We can package active stock-trading topics and creators for your brokerage.,Public intent signal only. Not a personal contact record.,"Review source, identify author/company/channel, then enrich only through lawful public or vendor sources"
OPP-2026-10-04-048,2026-10-04,Watch,Crypto Futures,Crypto futures and exchange traders,E-mini Nasdaq-100 Futures Overview - CME Group,CME Group,https://news.google.com/rss/articles/CBMie0FVX3lxTE9INWpoQUV1eVdIb2NTb09PcGhONVdRZjlfQUxwV3ByMUFkUGxjYlBHSi1NaDhqS0FjVGVpT0o5TjlqN1ZQN0g3ZDBFMW9qMk9WWGxsRURPRkY0SUNiQlFVZkhCMGtJbU1YMjlEblZYeXkxWW43NVNmTkNORQ?oc=5,62,"Run crypto futures education, demo, exchange signup or affiliate campaign.",Crypto volatility is creating fresh futures and exchange intent.,We can package today's active crypto futures traffic themes for your exchange.,Public intent signal only. Not a personal contact record.,"Review source, identify author/company/channel, then enrich only through lawful public or vendor sources"
OPP-2026-10-04-049,2026-10-04,Watch,Stocks / Options,"Stock, ETF and options traders",Nasdaq Composite Index (.IXIC) - Moomoo,Moomoo,https://news.google.com/rss/articles/CBMi3gJBVV95cUxPVWZQb0hfbWV2LWVhNGF1R1N1dlNqV3QzTHV4RlR5RlQ3ZFhfR3I4S2w4ZFJpZFI5d1ZydlI4OEhIUGZ6YjNzcTd2NE9jdTg5TlIzYkNjYnZLSm5vX2ZRSlJHbi1hR1FHdHhPS3hWR0E0QzJSTl9aMkw1eVdWbkpNT3hEY3dYcjctTUwxcHZmd1lqZXhEU1RrX2RqeFVXS3ZZOU1XQ0dYdHFrdV9XVDY5YjlZZlZtN2NQOTlWaWRFcGQxQjlGVmFUSGxrbmw4U2VPQnB0NktEQU9PendYYmRCZkd1MDJhZjk0SXQ4SGhKckJkUVJCTkdGTjNjSFdJc3lzbkN0cHBaT2xyV3NNS05CSk9UNy1YR3gyOTVrak0yRjZ1amYzVnJVc09IaF8xMV9xTTF3bUFpeGNWbkpQcFZhWVh5Qm5SX0VFbDB5WTRZZjlVNnhSRXZWOTVHQktBQQ?oc=5,62,"Run stock trading app, CFD equities or options education campaign.",US equities and options conversations are active around market movers.,We can package active stock-trading topics and creators for your brokerage.,Public intent signal only. Not a personal contact record.,"Review source, identify author/company/channel, then enrich only through lawful public or vendor sources"
OPP-2026-10-04-050,2026-10-04,Watch,Stocks / Options,"Stock, ETF and options traders","How To Trade SPY, QQQ, AAPL, MSFT, NVDA, GOOGL, META, And TSLA - Benzinga",Benzinga,https://news.google.com/rss/articles/CBMiqgFBVV95cUxPN2VhUHBrUG93Z0VXdVJzb2NFYnB2ODdkUDR4QllZRTZid2dYVW55SjcyZUN2bHNHMURJM19NVDl1bExzVHBoaDlLZXM1N2x5MmdnVTlGYXVPLXVFQk5LUk82M1Bmc3RXZENBdVZINFg0Mk1wQWhLTHRXQnN6VDBsWEVrV0tmUDVzQUNzdXkwNW9oNFBmN1F2RFFZQlNtbjNZOXkzNE50Sl95UQ?oc=5,62,"Run stock trading app, CFD equities or options education campaign.",US equities and options conversations are active around market movers.,We can package active stock-trading topics and creators for your brokerage.,Public intent signal only. Not a personal contact record.,"Review source, identify author/company/channel, then enrich only through lawful public or vendor sources"
